id;added_date;due_date;description;discount_id;product_id
1;2022-12-26T13:25:13;2022-12-26T16:35:43;AI Internal;1;1
2;2022-12-26T11:03:19;2022-12-26T02:36:57;matrix Ergonomic deliver;2;2
3;2022-12-26T12:57:08;2022-12-26T17:15:39;Home Group policy;3;3
4;2022-12-26T18:26:34;2022-12-25T22:40:03;Function-based Tasty Handmade;4;4
5;2022-12-26T09:13:10;2022-12-26T07:20:27;Executive Vision-oriented white;5;5
6;2022-12-26T17:34:39;2022-12-25T22:05:51;Rupiah installation;6;6
7;2022-12-26T08:32:30;2022-12-25T20:30:19;withdrawal Manager tan;7;7
8;2022-12-26T09:55:20;2022-12-26T11:29:27;Concrete Division;8;8
9;2022-12-26T08:39:53;2022-12-26T03:51:40;e-markets online Refined;9;9
10;2022-12-26T09:48:58;2022-12-26T10:38:43;Dinar Dynamic Quality;10;10
